mean_daily_return,annualized_return_estimate,annualized_volatility,VaR_95,CVaR_95,max_drawdown,assets
0.0006886167123514059,0.1735314115125543,0.11561527819370723,0.010404812137246016,0.015249619004757678,0.12002872970401335,"SPY, EFA, TLT, USO"
0.0007977181055467998,0.20102496259779357,0.12073658585904434,0.010525767027280478,0.015783338283579057,0.10585272874247253,"SPY, TLT, GLD, USO"
0.0007572806055588777,0.19083471260083718,0.12160872462042727,0.011237657641470054,0.01603490692448189,0.10538827103710302,"EFA, TLT, GLD, USO"
0.0007019475313498533,0.17689077790016303,0.11353882741592387,0.011062225047635483,0.01604877169689558,0.09532889944255618,"SPY, EFA, TLT, GLD"
0.0007377029680396485,0.1859011479459914,0.12093176113366326,0.010519382389224523,0.016415049685320968,0.13152644803235958,"SPY, EEM, TLT, USO"
0.0007353832152260817,0.1853165702369726,0.12190053174986265,0.011214238356476613,0.016444445329894353,0.13077526519693905,"QQQ, EFA, TLT, USO"
0.0006972654680517264,0.17571089794903505,0.12023596659527694,0.011033729586099451,0.016579198637555737,0.12666789076783658,"EFA, EEM, TLT, USO"
0.0006560128868935989,0.16531524749718693,0.12380479575060928,0.011295649544458991,0.016626793014933982,0.13457596199636201,"IWM, EFA, TLT, USO"
0.0007651142800889927,0.19280879858242617,0.12783804291170026,0.011650084567205194,0.016727539677869326,0.1015396483958777,"IWM, TLT, GLD, USO"
0.0008444846084214756,0.21281012132221186,0.12587738904377138,0.01172454771407206,0.016939076423532776,0.10249410655025148,"QQQ, TLT, GLD, USO"
0.0007891515342124512,0.19886618662153768,0.12128621622084607,0.011916107912183753,0.017115693819832686,0.10252398737358526,"SPY, QQQ, TLT, GLD"
0.0007487140342245291,0.18867593662458132,0.12166667581953387,0.011609402835533335,0.017223584889750464,0.09458082141357749,"QQQ, EFA, TLT, GLD"
0.0007097812058799684,0.17886486388175205,0.12253854608289948,0.012098520652533343,0.017246062587517447,0.10222359332989572,"SPY, IWM, TLT, GLD"
0.0006800501410170573,0.17137263553629842,0.1289261064007527,0.012471923927539399,0.017360447921095545,0.1325603293245533,"SPY, QQQ, EFA, TLT"
0.0006964503868815209,0.17550549749414326,0.12759883202365532,0.01141693881477938,0.017395602464955806,0.1570860966106573,"SPY, IWM, TLT, USO"
0.0008063668612471204,0.20320444903427434,0.12750816123645517,0.011968176735213882,0.017398705857343745,0.10443821936583353,"EEM, TLT, GLD, USO"
0.0007758207152140037,0.19550682023392893,0.12811500663567482,0.011422160739564976,0.017531931417632485,0.1496416045796659,"SPY, QQQ, TLT, USO"
0.000641932393842702,0.1617669632483609,0.12614335124765555,0.01237704971277162,0.017575191213834915,0.11979408629986854,"SPY, EFA, EEM, TLT"
0.0006693437058920463,0.16867461388479565,0.12533159951634465,0.012113072041650722,0.01759778750821749,0.09528516315178848,"IWM, EFA, TLT, GLD"
0.0006006798126845745,0.15137131279651278,0.12999126743567554,0.012616938584369356,0.017641908333305784,0.14455967473056852,"SPY, IWM, EFA, TLT"
0.0007510337870380958,0.18926051433360017,0.12172434631052503,0.011466393920045405,0.017735578102681445,0.09811769099721979,"SPY, EEM, TLT, GLD"
0.0007844694709143243,0.19768630667040973,0.12919908565492716,0.011731144065803823,0.017756359686637024,0.13914492926399236,"QQQ, EEM, TLT, USO"
0.0007050991425818415,0.17768498393062404,0.12888115246178714,0.011756771268343328,0.017793798647735504,0.14905986939339944,"IWM, EEM, TLT, USO"
0.0007565477087546442,0.19065002260617034,0.13057008064229272,0.012979677324446545,0.01834056331085986,0.11350931185029345,"QQQ, IWM, TLT, GLD"
0.0009622997395548226,0.2424995343678153,0.13452915989169995,0.012239239753869188,0.018425375700541046,0.11814698103896648,"SPY, EFA, GLD, USO"
0.0007432168897561968,0.18729065621856159,0.13377385780384485,0.01225466198728035,0.018485893710772538,0.16497632304732035,"QQQ, IWM, TLT, USO"
0.0006474463155592506,0.16315647152093116,0.13840387810270938,0.013247521457550133,0.01870577670186136,0.15184282510588343,"QQQ, IWM, EFA, TLT"
0.0006886988967173778,0.17355212197277922,0.1364696988843429,0.013266412298975868,0.018802864308038153,0.12432970063177129,"QQQ, EFA, EEM, TLT"
0.0007105962870501739,0.1790702643366438,0.12765250620767787,0.01149603751566925,0.018853531966049972,0.10903037043850627,"EFA, EEM, TLT, GLD"
0.0006497660683728171,0.16374104922994992,0.13651577013007837,0.01367539131685637,0.019021679746074764,0.1517471429725762,"SPY, IWM, EEM, TLT"
0.0007291363967052999,0.18374237196973559,0.1375162058830699,0.012870592144694272,0.019025679639995522,0.13948230606177492,"SPY, QQQ, EEM, TLT"
0.0007978002899127717,0.2010456730580185,0.1315431372318833,0.012904557396192203,0.01906020169449298,0.09738638279573364,"QQQ, EEM, TLT, GLD"
0.000609328568384895,0.15355079923299356,0.13765793885107228,0.013498925969959594,0.019190650678019974,0.13817897664325918,"IWM, EFA, EEM, TLT"
0.0009296959140970158,0.23428337035244798,0.14197341027242308,0.013078485490725758,0.019318077712995187,0.12904933129069007,"IWM, EFA, GLD, USO"
0.0007184299615802888,0.1810443503182328,0.13288674388747115,0.012875915480548084,0.019320179004692743,0.09733421670373343,"IWM, EEM, TLT, GLD"
0.0006878838155471724,0.17334672151788744,0.14222655496046918,0.013754368327867542,0.019521302011142855,0.17646075328338218,"SPY, QQQ, IWM, TLT"
0.0009022846020476715,0.22737571971601322,0.13978946973918457,0.012897245683264384,0.0196947718368651,0.15550322510983328,"SPY, EFA, EEM, USO"
0.0010090662424294987,0.25428469309223367,0.14109108260106637,0.012928708010231042,0.019747433897062693,0.12896726690092852,"QQQ, EFA, GLD, USO"
0.0009701334140849379,0.24447362034940434,0.14346932056869427,0.013043103054390211,0.019802889270294426,0.14822216325351323,"SPY, IWM, GLD, USO"
0.0010113859952430653,0.25486927080125243,0.14150296032539195,0.013460028706754295,0.0198826376760797,0.12662343525564923,"SPY, EEM, GLD, USO"
0.0009709484952551432,0.2446790208042961,0.1427659705810546,0.014516855413990825,0.02000555867269657,0.1166957511061032,"EFA, EEM, GLD, USO"
0.0008743628398879914,0.22033943565177383,0.1426624948638885,0.014134389292417827,0.0202171878717535,0.13196946778705987,"SPY, IWM, EFA, GLD"
0.0006965325712474931,0.17552620795436827,0.14652482776865347,0.013982350251577274,0.020244512926592045,0.15877156869079856,"QQQ, IWM, EEM, TLT"
0.0008610320208895441,0.2169800692641651,0.1445273668469518,0.012771865631647809,0.020334926682879683,0.1766222216256106,"SPY, IWM, EFA, USO"
0.0009537331682204742,0.2403407583915595,0.14246027838672737,0.013775149900710926,0.020394414668003336,0.1315792514631191,"SPY, QQQ, EFA, GLD"
0.0010495037424174208,0.26447494308919,0.1446843844753494,0.013918576039619922,0.020457387652984486,0.14853740828555007,"SPY, QQQ, GLD, USO"
0.0009787821697852584,0.24665310678588512,0.1486827759157459,0.014358020027752378,0.020609761111750367,0.135903015780917,"IWM, EEM, GLD, USO"
0.0009156154210461189,0.23073508610362198,0.1430510951183646,0.013596138996942536,0.02077667574482427,0.11285442706153259,"SPY, EFA, EEM, GLD"
0.0009404023492220269,0.23698139200395077,0.14583499328812435,0.01309344662784059,0.020822974457573275,0.17621252112500774,"SPY, QQQ, EFA, USO"
0.0008696807765898645,0.21915955570064585,0.1477161764045201,0.013216887179677913,0.020957138256185736,0.16461843478632343,"IWM, EFA, EEM, USO"
0.0010168999169596136,0.25625877907382266,0.15004392917292078,0.01392256274341161,0.021150418947553172,0.15873659315258049,"QQQ, IWM, GLD, USO"
0.0009490511049223473,0.23916087844043152,0.14882813428225855,0.013597849417377164,0.02123883745995105,0.165932042205027,"QQQ, EFA, EEM, USO"
0.0010581524981177414,0.2666544295256708,0.14968885163335535,0.014845724645423237,0.021282460064693132,0.13735936709906882,"QQQ, EEM, GLD, USO"
0.0009211293427626674,0.2321245943761922,0.15141414380568521,0.014596413186804588,0.021569079562563678,0.14313641479376438,"QQQ, IWM, EFA, GLD"
0.0009101182765777866,0.22934980569760222,0.15042016958616172,0.01305626687827641,0.02168383984088576,0.1826117541233453,"SPY, IWM, EEM, USO"
0.0009077985237642201,0.22876522798858345,0.15179903717228072,0.014006374993426293,0.021782340750228776,0.18725549974250733,"QQQ, IWM, EFA, USO"
0.000923449095576234,0.23270917208521097,0.15086022652132633,0.014961651320983505,0.021814259118958276,0.13744656366518315,"SPY, IWM, EEM, GLD"
0.0009615668427505892,0.24231484437314849,0.15320628134503012,0.014958852268953216,0.021892524633561155,0.16076567724749524,"SPY, QQQ, IWM, GLD"
0.0008143477023808401,0.2052156209999717,0.1592773711538816,0.01454289969626606,0.021907647856633284,0.16749518356412985,"SPY, IWM, EFA, EEM"
0.000893718030713323,0.2252169437397574,0.16090719330139885,0.015178161678839829,0.022110196031482204,0.16715112349824868,"SPY, QQQ, EFA, EEM"
0.0010028194239087168,0.25271049482499663,0.15248308597166552,0.014518257896175876,0.022134901000968533,0.13766941593992565,"SPY, QQQ, EEM, GLD"
0.0009894886049102694,0.24935112843738788,0.15347916145882848,0.013469314549702948,0.022224303815294076,0.18392019980593888,"SPY, QQQ, EEM, USO"
0.0009623819239207948,0.2425202448280403,0.15326839564450537,0.014550565578278999,0.022226684618156193,0.11917653304946962,"QQQ, EFA, EEM, GLD"
0.0008830115955883119,0.2225189220882546,0.15361900384871982,0.015387845349525324,0.022309135694969468,0.11958767106790114,"IWM, EFA, EEM, GLD"
0.0008524654495551956,0.2148212932879093,0.16400885264650072,0.015814145937789445,0.02239444524675847,0.19010084742503652,"SPY, QQQ, IWM, EFA"
0.0009568847794524624,0.24113496442202054,0.15923592914646048,0.014281687568069048,0.023208290496549374,0.1927666192152402,"QQQ, IWM, EEM, USO"
0.0008611142052555162,0.21700077972439008,0.16953776995381384,0.015522194729886777,0.02327845215407574,0.1782714482797383,"QQQ, IWM, EFA, EEM"
0.0009702155984509098,0.24449433080962926,0.16095815991671397,0.015916154177040016,0.023301629624961507,0.14856154696099066,"QQQ, IWM, EEM, GLD"
0.0009482360237521419,0.23895547798553976,0.15885533805875302,0.014220938526981596,0.023350398174163123,0.20909848499403472,"SPY, QQQ, IWM, USO"
0.0009015517052434383,0.22719102972134644,0.1722444166490556,0.016948460017635593,0.023880646471092726,0.19521376057969442,"SPY, QQQ, IWM, EEM"
